<?xml version="1.0" encoding="UTF-8"?>
<project-private xmlns="http://www.netbeans.org/ns/project-private/1">
    <editor-bookmarks xmlns="http://www.netbeans.org/ns/editor-bookmarks/2" lastBookmarkId="0"/>
    <open-files xmlns="http://www.netbeans.org/ns/projectui-open-files/2">
        <group>
            <file>file:/C:/Users/Shanika/Documents/NetBeansProjects/Hospital%20Managment%20System/src/View/WhatsApp%20Image%202024-06-05%20at%2011.25.13_060e1995.jpg</file>
            <file>file:/C:/Users/Shanika/Documents/NetBeansProjects/Hospital%20Managment%20System/src/View/Basic_Ui_(725).jpg</file>
            <file>file:/C:/Users/Shanika/Documents/NetBeansProjects/Hospital%20Managment%20System/src/View/icons8-admin-48.png</file>
            <file>file:/C:/Users/Shanika/Documents/NetBeansProjects/Hospital%20Managment%20System/src/View/Medical_(377).jpg</file>
            <file>file:/C:/Users/Shanika/Documents/NetBeansProjects/Hospital%20Managment%20System/src/View/icons8-doctor-48.png</file>
            <file>file:/C:/Users/Shanika/Documents/NetBeansProjects/Hospital%20Managment%20System/src/View/Home.java</file>
            <file>file:/C:/Users/Shanika/Documents/NetBeansProjects/Hospital%20Managment%20System/src/View/Login.java</file>
            <file>file:/C:/Users/Shanika/Documents/NetBeansProjects/Hospital%20Managment%20System/src/View/icons8-admin-40.png</file>
            <file>file:/C:/Users/Shanika/Documents/NetBeansProjects/Hospital%20Managment%20System/src/View/icons8-admin-40%20(1).png</file>
            <file>file:/C:/Users/Shanika/Documents/NetBeansProjects/Hospital%20Managment%20System/src/View/AddDoctorForm.java</file>
            <file>file:/C:/Users/Shanika/Documents/NetBeansProjects/Hospital%20Managment%20System/src/Model/DBSearch.java</file>
            <file>file:/C:/Users/Shanika/Documents/NetBeansProjects/Hospital%20Managment%20System/src/View/AddWorkerForm.java</file>
            <file>file:/C:/Users/Shanika/Documents/NetBeansProjects/Hospital%20Managment%20System/src/View/DoctorForm.java</file>
            <file>file:/C:/Users/Shanika/Documents/NetBeansProjects/Hospital%20Managment%20System/src/Model/AddDoctor.java</file>
            <file>file:/C:/Users/Shanika/Documents/NetBeansProjects/Hospital%20Managment%20System/src/View/ViewWoekersForm.java</file>
            <file>file:/C:/Users/Shanika/Documents/NetBeansProjects/Hospital%20Managment%20System/src/View/OtherworkersForm.java</file>
            <file>file:/C:/Users/Shanika/Documents/NetBeansProjects/Hospital%20Managment%20System/src/View/PharmacyForm.java</file>
            <file>file:/C:/Users/Shanika/Documents/NetBeansProjects/Hospital%20Managment%20System/src/View/RemoveDoctorForm.java</file>
            <file>file:/C:/Users/Shanika/Documents/NetBeansProjects/Hospital%20Managment%20System/src/Model/RemoveWorker.java</file>
            <file>file:/C:/Users/Shanika/Documents/NetBeansProjects/Hospital%20Managment%20System/src/View/SearchAndUpdateDoctorsForm.java</file>
            <file>file:/C:/Users/Shanika/Documents/NetBeansProjects/Hospital%20Managment%20System/src/View/ViewDoctorsForm.java</file>
            <file>file:/C:/Users/Shanika/Documents/NetBeansProjects/Hospital%20Managment%20System/src/Controller/WorkerController.java</file>
            <file>file:/C:/Users/Shanika/Documents/NetBeansProjects/Hospital%20Managment%20System/src/Controller/LoginController.java</file>
            <file>file:/C:/Users/Shanika/Documents/NetBeansProjects/Hospital%20Managment%20System/src/View/RemoveWorkerForm.java</file>
            <file>file:/C:/Users/Shanika/Documents/NetBeansProjects/Hospital%20Managment%20System/src/Model/AddWorker.java</file>
            <file>file:/C:/Users/Shanika/Documents/NetBeansProjects/Hospital%20Managment%20System/src/Model/RemoveDoctor.java</file>
            <file>jar:file:/C:/Users/Shanika/Documents/NetBeansProjects/Hospital%20Managment%20System/src/View/vecteezy_hospital-vector-icon-design_20781754_159.zip!/vecteezy_hospital-vector-icon-design_20781754.jpg</file>
            <file>file:/C:/Users/Shanika/Documents/NetBeansProjects/Hospital%20Managment%20System/src/Controller/DoctorController.java</file>
            <file>file:/C:/Users/Shanika/Documents/NetBeansProjects/Hospital%20Managment%20System/src/View/SearchAndUpdateWorkersForm.java</file>
            <file>file:/C:/Users/Shanika/Documents/NetBeansProjects/Hospital%20Managment%20System/src/Model/DBConnection.java</file>
        </group>
    </open-files>
</project-private>
